{
  "score": 0.72,
  "correct": 144,
  "total": 200,
  "true_acc": 0.6122448979591837,
  "false_acc": 0.8235294117647058,
  "n_errors": 56
}